{
  "127.0.0.1 Disks I/O" : {
    "transaction" : "127.0.0.1 Disks I/O",
    "sampleCount" : 9,
    "errorCount" : 0,
    "errorPct" : 0.0,
    "meanResTime" : 309.3333333333333,
    "medianResTime" : 176.0,
    "minResTime" : 0.0,
    "maxResTime" : 1888.0,
    "pct1ResTime" : 1888.0,
    "pct2ResTime" : 1888.0,
    "pct3ResTime" : 1888.0,
    "throughput" : 1.123876123876124,
    "receivedKBytesPerSec" : 0.0,
    "sentKBytesPerSec" : 0.0
  },
  "Total" : {
    "transaction" : "Total",
    "sampleCount" : 27,
    "errorCount" : 0,
    "errorPct" : 0.0,
    "meanResTime" : 25842.111111111113,
    "medianResTime" : 25126.0,
    "minResTime" : 0.0,
    "maxResTime" : 50646.0,
    "pct1ResTime" : 50622.6,
    "pct2ResTime" : 50637.6,
    "pct3ResTime" : 50646.0,
    "throughput" : 0.46064080253864265,
    "receivedKBytesPerSec" : 0.0,
    "sentKBytesPerSec" : 0.0
  },
  "127.0.0.1 CPU" : {
    "transaction" : "127.0.0.1 CPU",
    "sampleCount" : 9,
    "errorCount" : 0,
    "errorPct" : 0.0,
    "meanResTime" : 26617.111111111113,
    "medianResTime" : 25126.0,
    "minResTime" : 23057.0,
    "maxResTime" : 35076.0,
    "pct1ResTime" : 35076.0,
    "pct2ResTime" : 35076.0,
    "pct3ResTime" : 35076.0,
    "throughput" : 0.23635695152056307,
    "receivedKBytesPerSec" : 0.0,
    "sentKBytesPerSec" : 0.0
  },
  "127.0.0.1 Memory" : {
    "transaction" : "127.0.0.1 Memory",
    "sampleCount" : 9,
    "errorCount" : 0,
    "errorPct" : 0.0,
    "meanResTime" : 50599.88888888889,
    "medianResTime" : 50613.0,
    "minResTime" : 50550.0,
    "maxResTime" : 50646.0,
    "pct1ResTime" : 50646.0,
    "pct2ResTime" : 50646.0,
    "pct3ResTime" : 50646.0,
    "throughput" : 0.1535521736163243,
    "receivedKBytesPerSec" : 0.0,
    "sentKBytesPerSec" : 0.0
  }
}